filename,polygon_xy,class
img_0148.png,121.1 742.5 110.4 745.9 99.1 746.5 91.4 737.4 91.5 727.0 95.3 716.7 107.0 715.0 117.5 720.8 121.6 731.2,Bubble
img_0118.png,1053.8 720.2 984.5 876.2 980.9 874.6 1050.9 718.9,Scratch
img_0062.png,326.7 764.1 374.3 782.2 419.8 805.1 466.9 824.5 466.2 826.1 419.3 806.2 372.2 787.0 325.6 766.6,Scratch
img_0091.png,36.5 399.4 36.6 377.4 59.3 359.3 83.7 358.8 91.8 375.1 84.0 397.6 56.9 407.1,Dent
img_0137.png,227.2 160.4 206.1 157.2 194.0 125.9 199.9 98.2 219.6 88.2 236.6 115.3 243.4 146.6,Dent
img_0028.png,848.3 342.7 824.2 329.0 817.0 295.5 833.4 275.8 857.8 285.1 862.1 318.9,Dent
img_0141.png,1145.6 472.8 1140.5 454.4 1153.0 435.9 1170.9 426.9 1185.9 432.3 1193.7 446.9 1182.6 465.4 1164.1 477.3,Dent
img_0023.png,700.0 500.0,Bubble
img_9007.png,212.6 668.3 191.8 700.2 168.5 730.2 164.1 726.9 187.4 696.9 212.0 667.9,Scratch
img_0093.png,705.4 548.9 643.6 649.5 583.6 751.1 580.1 749.0 639.1 646.7 702.1 546.9,Crack
img_0137.png,227.2 160.4 206.1 157.2 194.0 125.9 199.9 98.2 219.6 88.2 236.6 115.3 243.4 146.6,Dent
img_0034.png,202.1 400.2 191.8 383.9 197.4 363.0 216.6 352.8 237.4 356.4 244.0 376.2 236.4 394.4 220.0 403.7,Bubble
img_0052.png,715.0 456.2 859.5 548.6 856.7 552.8 712.2 460.5,Scratch
img_0005.png,306.7 487.3 129.0 519.0 128.3 514.9 306.0 482.8,Scratch
img_0113.png,186.6 594.5 177.6 610.3 170.3 626.9 161.0 642.5 160.2 642.1 166.8 625.1 175.3 609.2 182.4 592.5,Scratch
img_0091.png,253.3 907.8 252.7 878.8 276.8 855.1 310.0 858.7 319.3 885.7 308.5 913.2 276.8 927.4,Dent
img_0056.png,459.3 294.5 497.6 308.8 496.4 312.3 457.7 299.1,Scratch
img_0071.png,1166.0 138.9 1135.0 154.7 1106.8 175.2 1076.9 192.8 1072.8 185.8 1103.5 169.6 1134.0 153.0 1162.2 132.6,Scratch
img_0128.png,394.0 164.1 397.7 129.8 447.6 119.0 491.5 125.0 518.0 150.9 502.4 184.4 456.3 201.2 409.2 193.3,Dent
img_0148.png,996.5 692.2 983.6 693.4 977.3 684.4 981.0 672.9 992.8 672.2 1001.0 679.8,Scratch
img_0098.png,395.6 180.4 441.6 204.6 488.2 227.8 534.2 252.2 531.8 256.7 485.9 232.2 439.1 209.4 392.9 185.6,Scratch
img_0080.png,941.2 696.8 927.4 702.1 914.9 694.9 908.4 681.6 914.1 666.2 930.2 661.0 944.3 668.8 949.5 683.8,Bubble
img_0010.png,972.7 325.5 1051.8 417.8 1050.7 418.8 966.7 331.0,Scratch
img_0056.png,1007.1 792.6 884.0 830.0 883.1 826.9 1005.1 786.0,Scratch
img_0073.png,342.5 746.1 368.1 770.7 400.8 783.6 427.7 806.1 426.3 808.3 398.7 787.1 367.2 772.1 337.6 754.0,Crack
img_0070.png,38.4 458.1 42.1 423.8 79.1 391.9 126.5 392.5 143.9 424.5 110.2 458.1 67.0 478.2,Dent
img_0045.png,799.2 441.3 853.5 522.3 849.7 524.8 795.8 443.6,Scratch
img_0121.png,892.2 214.6 884.9 201.1 879.9 187.0 887.0 172.5 901.9 168.8 915.6 170.3 925.8 180.2 930.6 195.2 922.1 209.4 907.4 213.3,bubble
img_0019.png,456.7 516.9 378.1 553.8 300.0 591.6 298.4 588.5 376.4 550.4 453.0 509.5,Scratch
img_0075.png,61.0 623.2 61.1 586.1 94.2 560.4 129.7 542.5 171.2 544.8 184.6 576.7 192.7 608.9 163.0 635.4 127.2 658.5 93.0 641.9,Dent
img_0051.png,290.7 283.7 286.6 265.9 286.3 246.1 303.1 230.1 319.9 221.8 337.5 220.9 345.6 236.0 341.9 257.2 328.1 277.2 308.5 285.6,Dent
img_0061.png,624.1 151.5 611.6 148.1 609.0 134.3 613.1 121.9 623.4 113.7 635.4 117.3 644.4 126.3 645.7 140.5 637.0 152.1,Bubble
img_9006.png,491.4 594.3 454.9 598.1 419.6 607.7 383.8 615.0 382.6 608.7 418.4 601.5 454.1 593.6 490.0 587.3,Scratch
img_0128.png,1041.8 802.0 1082.0 856.1 1077.4 859.2 1040.5 802.9,Scratch
img_0135.png,395.0 387.1 381.4 389.1 371.4 379.8 370.9 365.7 383.0 359.7 396.1 361.9 399.7 374.7,Scratch
img_0032.png,476.9 233.6 469.2 217.2 472.3 198.8 487.6 189.0 503.7 184.2 518.6 191.6 527.7 206.1 521.9 222.8 510.8 235.8 494.1 238.0,Bubble
img_0042.png,1112.8 127.4 1112.1 276.3 1110.0 276.3 1111.6 127.4,Scratch
img_0037.png,953.4 535.9 950.1 513.7 967.1 496.1 993.0 492.2 1002.4 514.3 997.6 538.0 973.2 547.6,Bubble
img_0037.png,1090.7 485.7 1053.1 521.2 1002.8 516.8 962.9 484.6 971.0 434.5 1022.2 419.2 1069.2 439.0,Dent
img_0053.png,576.9 310.4 553.1 426.0 527.6 541.2 523.9 540.4 548.7 425.0 570.2 309.0,Crack
img_0059.png,348.9 849.8 348.8 833.7 362.7 826.5 376.3 835.4 375.9 851.6 362.2 858.0,Bubble
img_0035.png,993.0 512.3 942.2 503.1 911.8 447.8 945.9 406.0 994.7 417.2 1023.4 469.1,Dent
img_0140.png,285.7 744.0 277.8 721.2 294.3 695.6 320.3 693.5 335.8 708.0 331.9 733.2 308.8 749.0,Dent
img_0095.png,113.6 816.8 131.3 850.8 153.0 882.3 173.6 914.5 169.3 917.2 148.3 885.3 128.4 852.7 106.3 821.5,Scratch
img_0031.png,1201.4 172.4 1180.1 167.5 1162.2 154.3 1161.2 129.9 1180.6 116.0 1203.2 116.4 1217.2 134.0 1220.0 157.4,Bubble
img_0094.png,425.0 232.7 408.2 244.5 390.0 241.3 379.7 224.6 388.6 205.8 407.6 199.8 424.0 211.3,Scratch
img_9010.png,608.0 712.6 593.8 713.5 577.4 702.2 569.0 680.0 567.4 658.0 579.1 648.0 594.3 646.4 609.3 662.2 620.0 682.8 620.7 704.7,Dent
img_0017.png,433.7 622.1 429.3 634.2 417.0 641.3 404.0 636.2 396.0 627.5 394.1 615.5 404.4 607.8 416.7 605.9 427.1 611.8,Bubble
img_0127.png,260.5 723.3 202.3 737.2 134.0 707.2 121.2 646.7 178.3 621.4 248.0 664.1,Dent
img_0031.png,-25.0 300.0 60.0 305.0 50.0 360.0 -30.0 355.0,Dent
img_0015.png,951.5 600.9 930.1 600.1 909.5 582.6 905.3 559.1 918.4 546.7 940.9 556.9 954.1 579.7,Dent
img_0036.png,164.4 96.8 153.8 141.3 142.6 185.6 131.9 230.1 126.6 228.9 136.1 184.1 148.9 140.1 157.9 95.3,Scratch
img_0134.png,266.9 60.8 270.0 60.8 270.0 63.9 266.9 63.9,Dent
img_0061.png,576.6 388.7 568.0 377.1 570.8 361.5 585.4 357.7 593.4 369.3 590.9 384.3,Bubble
img_0059.png,498.0 375.2 481.8 389.8 454.9 389.2 437.7 375.1 435.9 356.7 460.4 349.3 484.1 358.3,Dent
img_0046.png,306.2 209.8 289.1 191.8 297.3 167.3 320.8 159.2 342.8 170.8 346.3 195.3 329.9 213.9,Bubble
img_0107.png,390.5 166.4 422.8 258.0 452.0 350.7 487.7 441.1 479.5 444.0 450.1 351.3 417.8 259.7 386.3 167.8,Crack
img_0003.png,465.9 862.0 481.7 831.3 515.1 815.0 555.4 817.0 578.3 844.9 582.9 878.7 558.5 909.1 515.5 910.1 482.7 892.1,Dent
img_0047.png,738.2 659.0 824.8 676.6 911.5 693.7 911.1 696.0 824.1 680.3 737.3 664.2,Scratch
img_0042.png,319.9 201.0 380.7 217.9 442.4 231.5 503.6 246.8 501.9 253.5 441.4 235.6 380.3 219.6 318.2 207.7,Scratch
img_9011.png,594.5 815.8 580.2 792.2 583.0 763.0 598.3 736.2 623.8 732.4 648.9 736.6 659.5 764.4 642.8 792.7 621.7 811.5,Dent
img_0052.png,200.0 200.0 400.0 400.0 200.0 400.0 400.0 200.0,Bubble
img_0102.png,649.8 454.3 635.9 436.6 637.7 413.1 657.1 400.5 677.7 407.2 685.2 429.5 670.4 446.9,Dent
img_0121.png,1011.0 598.0 1045.3 694.3 1043.2 695.1 1007.4 599.4,Scratch
img_0104.png,558.5 139.6 540.3 171.2 518.7 200.6 515.7 198.8 535.5 168.2 555.4 137.6,Scratch
img_0029.png,98.1 433.4 94.8 418.0 99.3 403.5 113.8 397.6 127.5 403.4 133.8 417.0 128.0 431.7 113.5 436.4,Bubble
img_0112.png,85.4 897.4 99.1 926.5 114.4 954.8 111.0 956.7 95.9 928.2 79.4 900.6,Scratch
img_0146.png,682.5 837.0 663.9 835.8 657.5 817.6 657.9 801.1 666.2 784.9 683.7 787.1 697.2 795.8 706.3 812.0 698.7 829.6,Bubble
img_0145.png,658.7 119.9 644.4 80.7 671.3 43.4 709.7 40.7 727.2 76.4 698.8 112.7,Dent
img_0016.png,431.5 709.8 425.6 699.9 427.1 688.7 434.1 680.0 445.0 677.6 456.6 680.3 464.0 690.5 460.5 702.4 453.2 711.2 442.0 715.1,Bubble
img_0148.png,195.3 518.9 198.9 559.5 195.5 559.9 192.8 519.2,Scratch
img_0020.png,839.9 817.5 849.6 787.8 886.3 766.6 926.7 772.6 948.1 794.3 936.3 822.4 902.8 844.0 863.1 838.3,Dent
img_0064.png,589.9 87.1 567.1 90.0 548.6 80.3 551.9 58.9 567.1 42.4 587.4 47.9 600.6 64.6,Bubble
img_0024.png,112.5 422.6 91.1 423.7 76.7 405.6 82.3 385.1 94.8 369.1 115.5 371.8 131.7 387.4 126.9 408.9,Bubble
img_0031.png,583.7 501.0 484.3 668.5 478.7 665.2 577.9 497.5,Scratch
img_0020.png,196.5 887.4 189.3 898.3 175.1 905.1 158.8 898.6 155.7 883.5 155.6 868.9 170.0 862.9 185.8 862.7 196.7 873.9,Scratch
img_0068.png,867.2 263.7 885.5 269.2 904.6 267.9 923.3 270.1 922.6 275.7 903.7 275.8 885.3 270.8 866.3 271.8,Scratch
img_0039.png,301.9 635.9 285.4 633.2 274.9 615.6 274.9 593.9 286.6 577.5 303.7 581.4 317.3 591.1 323.2 610.3 315.8 627.8,Dent
img_0098.png,1026.2 216.3 1020.6 197.8 1039.2 176.7 1066.1 161.9 1090.8 164.9 1107.4 175.4 1112.9 194.7 1094.8 217.4 1065.7 227.9 1035.5 234.5,Dent
img_0112.png,534.4 688.9 603.6 736.5 675.6 779.8 672.1 785.2 601.1 740.3 530.1 695.5,Scratch
img_0058.png,711.7 903.3 707.0 885.2 715.8 861.7 741.3 847.1 767.5 838.2 785.9 848.1 790.4 868.5 777.5 892.8 753.2 913.7 727.3 913.7,Dent
img_0124.png,1037.5 345.6 1042.3 327.4 1059.6 320.6 1079.1 324.1 1084.2 343.6 1069.2 356.4 1049.8 360.9,Bubble
img_0066.png,819.2 789.3 804.1 786.9 792.9 776.9 792.4 761.8 800.7 749.5 815.2 751.9 828.8 760.1 826.2 775.8,Bubble
img_0082.png,926.3 284.4 907.2 299.0 880.6 294.1 866.0 272.0 870.5 248.7 889.4 233.6 915.7 239.3 932.2 260.8,Scratch
img_0022.png,848.7 149.8 809.9 306.0 806.3 305.1 845.6 149.0,Scratch
img_0150.png,313.7 454.7 323.0 430.0 360.9 422.8 391.6 439.0 392.3 466.0 361.3 480.5 329.6 474.0,Dent
img_9002.png,306.2 209.8 289.1 191.8 297.3 167.3 320.8 159.2 342.8 170.8 346.3 195.3 329.9 213.9,Bubble
img_0078.png,979.0 448.0 977.9 428.9 992.8 416.3 1011.8 411.1 1026.8 423.1 1029.8 440.1 1027.3 458.7 1008.9 467.1 990.5 462.1,Dent
img_0001.png,912.9 622.8 907.6 650.3 905.2 678.3 900.5 705.9 896.5 705.3 902.4 677.9 905.6 650.1 907.8 622.1,Scratch
img_0024.png,203.8 277.1 77.0 384.4 73.7 380.4 201.7 274.5,Scratch
img_0109.png,597.0 483.0 594.2 453.1 634.9 434.0 675.7 424.6 712.7 433.3 739.2 454.4 730.6 486.0 692.0 506.3 650.1 516.7 615.6 504.7,Dent
img_0146.png,311.3 145.7 308.2 128.8 316.0 115.7 326.3 102.6 343.3 106.1 354.4 118.5 361.1 133.9 352.2 146.9 341.5 158.3 324.3 158.3,Bubble
img_0099.png,1058.7 192.9 1052.2 186.7 1049.4 177.4 1056.7 171.1 1064.8 169.9 1071.1 175.0 1073.4 183.7 1067.2 190.2,Scratch
img_0087.png,602.0 236.2 560.9 247.7 525.9 216.5 508.8 179.7 517.0 140.9 556.4 134.6 599.0 151.4 619.0 196.9,Dent
img_0080.png,635.4 418.7 564.3 429.3 563.8 424.9 635.1 416.2,Scratches
img_0024.png,992.9 607.1 978.1 625.3 954.4 621.0 946.2 598.9 954.3 577.0 976.1 574.7 995.7 584.2,Bubble
img_0141.png,1145.6 472.8 1140.5 454.4 1153.0 435.9 1170.9 426.9 1185.9 432.3 1193.7 446.9 1182.6 465.4 1164.1 477.3,Dent
img_0035.png,1061.7 317.6 1075.6 351.0 1092.9 382.7 1089.3 384.5 1071.8 352.8 1058.2 319.3,Scratch
img_0040.png,1181.7 252.3 1182.3 245.9 1185.6 240.3 1192.4 238.0 1198.5 242.0 1200.6 248.6 1198.5 255.1 1192.8 259.4 1186.0 257.4,Bubble
img_0087.png,262.3 279.7 159.7 345.5 158.6 343.8 260.5 277.0,scratch
img_0052.png,631.9 685.7 605.3 688.9 573.6 672.8 559.1 636.0 558.9 601.5 582.7 586.9 614.9 596.5 637.4 628.7 643.4 661.6,Dent
img_0072.png,1101.0 565.0 1079.3 546.1 1071.7 510.9 1085.4 477.4 1111.0 456.8 1136.2 477.1 1137.5 517.0 1130.0 558.0,Dent
img_0089.png,623.7 430.5 681.8 452.0 740.3 472.3 797.5 496.2 795.9 500.5 737.6 479.5 680.7 454.8 621.5 436.3,Scratch
img_0126.png,267.3 475.8 258.9 456.3 272.1 440.3 290.4 441.7 298.5 458.2 288.8 477.0,Bubble
img_0145.png,890.9 777.6 881.8 768.5 881.6 754.4 892.4 745.6 904.0 741.7 916.6 744.0 922.7 755.3 923.0 768.3 915.0 779.3 902.3 781.4,Dent
img_9010.png,390.5 166.4 422.8 258.0 452.0 350.7 487.7 441.1 479.5 444.0 450.1 351.3 417.8 259.7 386.3 167.8,Crack
img_0150.png,896.1 762.0 871.6 792.3 850.0 824.7 827.8 856.7 823.4 853.4 848.3 823.5 869.4 790.6 893.4 760.0,Scratch
img_0088.png,561.1 439.5 530.8 476.0 500.0 512.0 496.7 509.2 529.8 475.2 560.9 439.3,Scratch
img_0076.png,526.5 331.0 534.5 298.9 566.2 272.8 607.6 270.8 631.2 291.2 630.5 323.0 596.6 352.7 547.2 359.1,Dent
img_0115.png,177.3 121.3 160.0 310.5 156.2 310.2 172.3 120.9,scratch
img_0011.png,300.0 220.0 360.0 240.0,Crack
img_0125.png,171.4 898.5 156.5 917.4 131.2 917.0 115.3 901.3 117.2 880.8 137.6 871.5 159.8 878.2,Bubble
img_0061.png,1029.9 373.6 991.5 417.4 988.4 414.6 1027.1 371.1,Scratch
img_0072.png,1093.3 503.7 1084.8 504.9 1077.8 499.5 1075.4 490.8 1079.7 482.3 1088.9 480.5 1098.5 481.3 1102.3 490.1 1099.4 498.3,Bubble
img_0103.png,267.3 588.0 258.2 602.3 238.7 609.7 217.2 606.7 197.1 599.3 188.6 583.9 199.3 569.8 219.6 564.8 240.7 564.2 256.1 574.4,Dent
img_0008.png,221.7 139.9 293.0 267.5 287.5 270.5 218.5 141.6,Scratch
img_0081.png,953.5 902.9 925.3 903.0 902.8 883.7 892.0 855.8 898.4 827.4 919.2 809.3 946.8 809.9 972.7 825.0 976.3 855.5 971.8 882.2,Dent
img_0128.png,548.3 127.3 543.3 134.5 535.4 138.6 526.2 136.2 521.1 128.6 521.3 119.4 529.6 115.2 537.9 114.5 546.2 118.5,Scratch
img_0083.png,918.3 240.6 918.3 225.2 926.8 212.9 939.7 204.8 956.0 204.6 965.1 216.9 969.9 231.6 959.7 244.5 945.7 251.1 930.8 249.4,Bubble
img_0031.png,198.4 184.1 171.0 203.1 137.0 205.2 113.5 178.7 112.5 143.2 139.9 119.5 174.3 126.8 198.9 149.9,Dent
img_0010.png,491.4 594.3 454.9 598.1 419.6 607.7 383.8 615.0 382.6 608.7 418.4 601.5 454.1 593.6 490.0 587.3,Scratch
img_0011.png,510.2 825.3 506.1 805.5 514.6 784.7 537.3 779.5 554.9 791.5 560.6 811.6 550.0 831.6 527.8 836.8,Scratch
img_0041.png,419.8 836.7 421.1 855.8 423.6 874.9 423.3 894.1 418.3 894.4 418.7 875.2 418.9 856.0 418.5 836.8,Scratch
img_0129.png,1178.0 517.2 1208.0 556.4 1203.8 559.6 1173.1 521.1,scratch
img_0071.png,418.0 661.4 543.7 727.7 670.0 793.0 667.7 797.2 540.0 734.6 415.3 666.6,Crack
img_0048.png,1024.0 738.1 1017.9 746.9 1009.0 750.9 1001.0 745.2 995.5 735.3 1001.1 724.2 1011.7 723.6 1021.9 726.3,Bubble
img_0064.png,1023.6 962.0 1013.9 970.2 1002.6 969.9 994.1 962.0 993.9 948.4 1004.7 940.8 1016.3 940.0 1026.2 948.1,Scratch
img_0012.png,659.8 938.1 626.5 947.2 583.2 931.4 553.9 886.7 556.7 845.2 581.1 819.8 624.1 826.4 664.2 861.3 675.0 907.0,Dent
img_0077.png,1214.8 366.7 1197.6 368.8 1180.4 371.3 1163.1 371.8 1162.6 366.2 1179.9 365.5 1197.3 365.7 1214.5 363.2,scratch
img_0091.png,500.0 -10.0 560.0 -15.0 555.0 40.0 495.0 45.0,Bubble
img_0059.png,864.8 224.7 843.7 226.3 828.1 212.0 830.3 193.9 848.3 187.8 867.4 202.7,Dent
img_0008.png,406.7 194.1 386.1 208.2 353.7 205.8 332.3 182.8 346.1 164.1 370.7 155.4 399.0 170.3,Dent
img_0137.png,605.7 581.2 578.0 587.6 550.4 594.3 522.7 600.3 522.1 597.8 549.9 591.8 577.7 586.3 605.1 578.8,Scratch
img_9004.png,613.0 527.6 597.2 529.5 581.8 533.1 567.2 539.6 565.2 531.9 581.0 529.9 596.4 526.6 610.9 519.6,Scratch
img_0067.png,210.1 708.6 199.0 715.5 184.7 715.3 178.7 702.4 183.0 689.8 197.0 686.6 207.2 695.9,Bubble
img_0043.png,378.5 589.5 365.1 585.7 352.7 577.2 354.3 562.7 362.3 551.9 374.3 542.0 388.4 548.8 397.6 558.9 398.0 572.2 391.8 584.3,Bubble
img_0007.png,256.3 750.4 228.3 895.8 225.3 895.2 253.1 749.8,Scratch
img_0105.png,685.6 515.6 682.1 495.1 691.0 476.6 710.8 472.8 726.2 482.7 735.5 500.1 722.4 515.3 705.2 521.2,Bubble
img_0005.png,960.7 582.4 930.8 585.3 909.1 564.7 899.4 537.5 915.0 516.3 941.0 503.5 968.7 523.5 976.7 556.2,Dent
img_0011.png,284.5 715.0 273.5 708.2 265.1 696.4 269.0 681.2 274.3 666.4 287.5 661.8 298.0 671.0 305.7 682.5 303.7 697.6 298.1 713.2,Dent
img_0019.png,697.7 583.5 677.6 579.9 670.3 557.9 681.0 538.8 699.1 533.6 718.5 538.2 724.0 559.4 716.9 579.7,Bubble
img_0005.png,1078.8 849.7 1119.4 858.0 1160.3 865.1 1200.7 874.5 1200.1 877.6 1159.0 871.4 1118.7 861.4 1078.3 852.3,Scratch
img_0124.png,215.5 300.7 250.9 425.0 244.9 426.7 211.1 302.0,Scratch
img_0043.png,209.4 404.8 191.0 706.5 186.5 706.2 208.0 404.7,Crack
img_0063.png,566.4 517.4 560.4 498.3 572.0 480.0 591.9 478.7 611.3 483.8 613.9 504.1 603.2 521.8 582.9 528.4,Bubble
img_0006.png,608.7 436.6 611.7 436.6 611.7 439.6 608.7 439.6,Bubble
img_0131.png,79.9 219.0 148.6 255.9 218.3 290.9 216.2 294.8 148.2 256.7 79.1 220.5,Scratch
img_0039.png,372.4 284.3 358.9 280.1 351.3 262.7 344.2 243.3 351.2 226.3 362.5 217.4 375.4 224.3 384.6 239.0 390.3 258.9 383.2 275.2,Dent
img_0149.png,734.8 771.3 741.9 753.3 758.9 748.2 777.6 751.3 784.9 770.7 774.5 786.6 759.6 797.9 742.8 788.7,Bubble
img_0116.png,947.4 445.5 940.0 455.7 925.9 455.3 913.3 449.0 905.5 437.1 906.4 423.3 918.8 417.4 931.5 416.4 944.1 422.0 950.3 433.9,Bubble
img_0020.png,404.1 748.6 394.9 784.7 353.9 799.2 310.2 788.5 290.8 753.6 291.2 716.0 321.9 688.0 368.1 684.4 400.4 713.1,Dent
img_0108.png,881.4 198.7 947.5 269.5 1016.4 337.3 1014.8 338.9 947.3 269.7 878.6 201.6,Scratch
img_0136.png,968.0 710.2 910.5 702.2 862.1 641.6 876.8 585.0 934.0 594.0 986.3 653.8,Dent
img_0022.png,794.9 507.1 780.1 470.3 807.5 432.0 850.9 424.3 888.9 430.5 907.1 461.8 896.8 499.1 866.2 530.4 825.9 524.9,Dent
img_0074.png,285.1 943.0 272.9 956.5 254.2 955.5 244.0 941.4 242.2 924.8 255.5 914.8 271.6 914.4 285.1 925.3,Bubble
img_0012.png,918.0 832.7 907.9 840.3 895.3 837.7 884.9 830.2 884.2 817.9 890.3 807.9 901.9 807.0 912.8 810.3 920.2 820.4,Scratch
img_0130.png,576.9 364.3 568.7 381.2 546.2 386.0 524.6 384.0 509.8 371.3 506.1 353.6 524.9 342.1 547.9 338.4 567.3 348.3,Dent
img_0012.png,256.1 229.9 247.2 260.7 239.3 291.8 236.7 291.1 244.2 259.9 250.7 228.5,Scratch
img_0004.png,980.9 378.9 966.5 389.1 943.9 386.7 921.0 375.6 916.5 356.5 930.8 342.9 958.1 345.9 978.3 361.3,Dent
img_0078.png,804.7 319.2 762.0 357.4 716.4 391.9 671.6 427.4 670.1 425.6 715.1 390.2 759.5 354.1 803.2 317.3,Scratch
img_0132.png,1039.0 341.7 1029.0 349.1 1017.2 350.6 1008.9 342.3 1006.0 331.1 1012.0 320.8 1022.5 314.4 1035.2 317.0 1042.6 328.4,Bubble
img_0140.png,605.8 785.3 613.0 773.0 625.2 770.7 634.8 778.3 637.7 792.4 625.8 799.3 613.2 797.7,Bubble
img_9003.png,434.6 139.0 387.4 289.7 380.3 287.5 429.6 137.5,Crack
img_0057.png,247.1 364.7 220.9 377.4 189.8 379.0 158.6 361.4 151.2 334.0 161.0 312.3 186.6 299.9 221.6 310.3 246.4 335.7,Dent
img_0138.png,499.6 563.6 491.9 577.2 487.5 591.9 481.0 605.9 477.7 604.7 484.7 590.9 489.0 576.2 494.2 561.7,Scratch
img_0084.png,698.3 475.6 837.6 501.0 837.2 503.3 697.7 479.1,Scratch
img_0129.png,463.0 188.0 456.0 181.7 453.6 172.4 457.7 163.7 465.9 159.8 475.1 158.9 482.6 165.0 485.7 174.7 479.0 182.2 471.9 186.7,Scratch
img_0118.png,1010.6 928.2 1012.2 928.2 1012.2 929.8 1010.6 929.8,Scratch
img_9004.png,295.6 86.2 289.4 77.0 289.8 65.1 300.5 58.3 310.7 63.8 314.3 75.1 307.5 85.9,Bubble
img_0043.png,1096.7 222.7 1106.8 204.6 1127.3 197.3 1143.0 213.4 1133.1 232.4 1112.5 237.0,Scratch
img_0095.png,767.5 142.0 800.5 197.8 836.1 252.1 831.9 254.8 796.1 200.6 762.4 145.1,Scratch
img_0116.png,939.9 824.1 897.7 842.4 851.2 813.9 856.7 766.3 899.2 748.1 944.2 777.3,Dent
img_0067.png,516.4 532.1 527.0 587.6 532.8 643.8 540.9 699.6 536.3 700.3 531.2 644.0 522.8 588.2 513.2 532.6,scratch
img_9003.png,186.6 594.5 177.6 610.3 170.3 626.9 161.0 642.5 160.2 642.1 166.8 625.1 175.3 609.2 182.4 592.5,Scratch
img_0042.png,877.2 549.6 860.5 538.5 864.7 517.2 881.4 509.2 898.1 519.5 894.0 540.7,Bubble
img_0131.png,229.8 797.9 191.1 850.2 149.9 900.6 111.4 953.0 109.1 951.3 146.8 898.2 188.2 848.0 226.3 795.2,Scratch
img_0012.png,867.0 820.1 866.3 784.0 904.3 759.1 945.9 760.6 973.6 782.9 971.4 819.5 933.3 842.1 891.9 844.2,Dent
img_0101.png,768.4 562.1 728.6 575.2 688.2 586.2 686.6 580.7 727.0 569.9 767.3 558.4,Scratch
img_0134.png,741.4 214.9 735.8 224.6 723.1 224.4 714.8 216.7 713.3 207.1 717.9 197.1 730.2 198.9 739.9 204.5,Bubble
img_9011.png,313.7 454.7 323.0 430.0 360.9 422.8 391.6 439.0 392.3 466.0 361.3 480.5 329.6 474.0,Dent
img_0114.png,604.7 496.2 625.3 439.7 690.1 415.8 742.9 443.0 722.6 499.0 657.1 526.8,Dent
img_0125.png,1100.4 577.2 1106.0 557.4 1124.8 544.0 1147.9 547.7 1165.8 556.8 1176.4 573.4 1173.4 594.1 1153.3 607.9 1129.2 604.5 1108.7 595.9,Dent
img_0053.png,329.8 411.1 390.4 424.8 450.7 439.5 449.0 446.4 389.2 429.3 328.6 415.7,Scratches
img_0019.png,1072.7 338.4 1048.7 358.3 1025.9 379.5 1001.5 398.8 1000.3 397.4 1023.7 376.9 1046.8 356.0 1070.6 336.0,Scratch
img_0021.png,822.6 882.5 808.5 846.9 838.8 818.9 876.9 817.8 896.9 847.8 890.3 885.3 853.4 903.0,Dent
img_0047.png,661.9 592.4 623.8 563.5 637.8 505.9 675.7 473.4 712.8 509.0 699.8 567.2,Dent
img_0015.png,1170.3 168.0 1153.1 171.5 1135.8 167.0 1125.6 151.5 1125.9 133.5 1136.9 120.2 1153.2 113.5 1167.9 123.6 1177.8 136.3 1180.7 153.6,Bubble
img_0021.png,718.7 843.3 733.5 806.7 776.0 788.1 817.7 803.5 843.2 834.8 822.7 869.7 782.7 885.6 742.8 873.5,Dent
img_0011.png,661.9 685.9 626.6 676.0 609.3 629.2 620.3 581.7 652.5 566.7 683.5 581.9 697.1 622.3 690.3 664.9,Dent
img_0074.png,,Bubble
img_0031.png,138.6 697.0 138.4 667.2 148.8 636.7 176.7 606.3 212.3 606.5 242.5 615.4 241.9 647.3 236.2 681.8 199.2 699.8 165.9 707.8,Dent
img_9001.png,308.5 156.6 329.0 211.6 352.3 265.5 372.3 320.7 370.4 321.5 348.4 267.0 328.1 212.0 307.6 157.0,Scratch
img_0044.png,482.3 737.1 447.5 752.1 419.1 726.1 417.7 692.3 450.0 679.3 483.8 699.4,Dent
img_0097.png,844.7 557.9 807.9 590.6 773.1 625.6 734.4 656.2 733.8 655.5 768.4 620.4 806.2 588.7 843.2 556.3,Scratch
img_0026.png,557.6 856.5 540.4 869.0 520.0 864.3 519.7 843.8 533.0 830.6 551.0 836.6,Scratch
img_0098.png,326.7 166.7 349.3 171.7 371.9 176.6 394.5 181.8 393.5 186.4 371.3 179.4 348.6 174.9 326.2 169.0,scratch
img_0013.png,1163.6 177.8 1152.2 162.1 1157.4 142.9 1178.0 135.8 1194.7 150.6 1198.6 171.0 1182.0 181.4,Scratch
img_0138.png,280.3 710.8 257.9 713.8 235.7 703.7 232.0 679.6 240.3 658.6 263.0 653.7 283.9 666.7 291.6 690.4,Bubble
img_0014.png,667.2 188.2 719.4 204.3 770.8 222.3 822.5 239.9 820.5 245.5 769.2 227.1 717.0 211.3 665.4 193.4,scratch
img_0033.png,1002.8 201.2 986.3 206.0 970.0 193.6 970.2 174.3 984.3 165.8 1002.5 167.7 1012.1 186.2,Bubble
img_0066.png,850.0 120.0 980.0 130.0 970.0 95.0 845.0 250.0 860.0 90.0,Scratch
img_0050.png,483.6 266.0 518.3 306.6 554.0 346.2 553.1 347.0 515.8 308.8 481.9 267.6,Scratch
img_0047.png,1100.0 980.0 1340.0 990.0 1330.0 1090.0 1095.0 1080.0,Dent
img_0039.png,237.7 145.8 239.5 145.8 239.5 147.5 237.7 147.5,Scratch
img_0127.png,209.0 778.8 195.6 784.7 183.4 780.5 174.0 773.0 172.3 760.3 179.6 749.4 190.5 741.3 204.0 742.3 211.0 753.0 213.7 765.2,Bubble
img_0066.png,503.6 538.7 603.1 560.9 602.1 565.4 503.1 541.0,Scratch
img_0079.png,611.1 552.0 642.3 653.1 638.2 654.4 605.8 553.7,Scratch
img_0090.png,235.6 823.7 225.9 825.0 219.0 819.3 213.0 812.0 217.3 803.3 225.1 798.4 234.2 799.5 239.3 806.6 241.4 815.6,Bubble
img_0029.png,98.1 433.4 94.8 418.0 99.3 403.5 113.8 397.6 127.5 403.4 133.8 417.0 128.0 431.7 113.5 436.4,Bubble
img_0077.png,153.6 782.3 168.0 812.7 179.7 844.3 179.2 844.6 164.5 814.2 152.2 782.9,Scratches
img_0065.png,66.9 666.6 54.1 660.0 49.3 646.9 55.2 635.5 64.6 627.1 78.8 625.7 91.9 633.1 93.1 646.6 90.0 657.9 81.4 668.0,Bubble
img_0079.png,902.9 912.5 896.9 884.7 909.8 858.7 937.6 863.5 947.8 887.9 932.3 911.9,Bubble
img_0030.png,916.2 278.7 908.8 265.7 907.3 251.1 919.0 241.4 933.3 243.8 945.1 253.3 942.3 268.3 932.4 280.5,Scratch
img_9006.png,767.2 683.1 752.3 669.7 759.5 645.4 777.0 628.4 796.7 631.5 809.5 646.8 803.8 670.7 785.6 684.3,Dent
img_0114.png,506.7 224.0 481.7 228.6 458.5 218.7 446.3 196.7 445.8 171.5 466.2 159.9 488.9 161.0 508.4 176.0 517.2 200.6,Dent
img_0136.png,957.4 868.3 934.8 896.5 894.4 911.7 848.9 905.4 814.4 883.9 814.4 851.9 852.7 834.5 895.4 821.5 939.7 837.4,Dent
img_0119.png,859.6 538.3 836.5 617.6 833.2 616.6 857.3 537.6,Scratch
img_0071.png,385.2 731.3 303.9 860.7 299.8 858.1 380.0 728.1,Scratch
img_0010.png,767.2 683.1 752.3 669.7 759.5 645.4 777.0 628.4 796.7 631.5 809.5 646.8 803.8 670.7 785.6 684.3,Dent
img_0125.png,945.2 424.7 980.1 467.2 1017.5 507.4 1054.9 547.6 1052.8 549.5 1017.0 507.9 978.4 468.6 944.3 425.4,Scratch
img_0017.png,1050.0 460.9 1106.0 510.9 1161.8 561.2 1159.0 564.4 1102.9 514.5 1047.9 463.3,Scratch
img_0059.png,505.9 738.6 504.9 729.9 508.6 722.2 516.3 719.6 524.0 720.7 528.7 726.8 529.1 735.3 522.8 742.0 513.8 742.6,Bubble
img_0073.png,120.9 711.4 104.8 717.6 88.0 715.3 77.1 702.6 68.2 686.9 75.7 670.9 91.6 664.9 107.7 668.2 120.8 678.5 122.3 694.3,Scratch
img_0019.png,646.6 138.8 635.7 167.3 608.8 181.7 579.2 178.4 560.8 156.6 552.4 130.3 564.8 105.3 587.8 89.5 618.9 85.8 639.6 109.7,Dent
img_0097.png,178.6 182.0 194.7 257.7 212.2 333.0 210.0 333.5 193.3 258.0 176.2 182.5,Scratch
img_0009.png,159.5 456.2 150.5 446.9 150.8 431.9 164.3 426.4 173.8 436.6 172.7 451.9,Bubble
img_0020.png,136.2 887.7 138.3 887.7 138.3 889.7 136.2 889.7,Scratch
img_0050.png,495.3 488.5 441.7 530.9 389.6 575.3 337.2 619.2 335.4 617.0 386.5 571.4 440.1 529.0 494.9 488.0,Crack
img_0124.png,1037.5 345.6 1042.3 327.4 1059.6 320.6 1079.1 324.1 1084.2 343.6 1069.2 356.4 1049.8 360.9,Bubble
img_0139.png,664.8 632.1 666.9 632.1 666.9 634.2 664.8 634.2,Scratch
img_0145.png,460.4 832.5 468.8 811.0 495.5 808.7 507.9 827.7 497.7 846.4 473.7 850.5,Scratch
img_0090.png,863.2 835.4 825.1 882.6 786.8 929.7 786.2 929.2 823.0 880.9 861.7 834.2,Scratch
img_0132.png,473.8 325.5 397.4 414.6 394.0 411.7 471.8 323.8,Scratch
img_0039.png,420.0 628.2 407.0 641.1 390.1 651.3 366.4 648.0 348.7 635.4 347.2 618.7 352.7 602.8 372.7 593.4 396.0 599.9 417.2 610.0,Dent
img_0033.png,212.6 668.3 191.8 700.2 168.5 730.2 164.1 726.9 187.4 696.9 212.0 667.9,Scratch
img_0025.png,418.2 648.3 415.1 656.2 406.1 657.6 398.6 653.1 395.2 646.1 393.9 638.1 400.0 632.6 408.0 629.5 415.3 634.4 419.0 641.1,Bubble
img_0107.png,1126.4 628.4 1103.0 600.2 1101.3 555.5 1129.8 519.5 1164.1 503.9 1195.1 515.8 1199.8 554.4 1189.5 592.4 1161.6 617.4,Dent
img_0094.png,1190.6 168.9 1162.9 158.8 1136.7 133.9 1130.4 93.9 1148.6 73.7 1174.8 80.3 1199.4 106.2 1206.1 144.5,Dent
img_0117.png,1048.4 502.1 1005.1 502.1 973.8 459.2 968.2 411.8 989.0 375.7 1030.3 380.8 1065.4 416.1 1075.0 468.2,Dent
img_0131.png,935.2 446.5 935.4 426.5 952.0 413.4 972.0 406.7 988.0 417.7 995.7 434.3 986.2 451.0 969.8 463.4 948.4 461.5,Bubble
img_0066.png,819.2 789.3 804.1 786.9 792.9 776.9 792.4 761.8 800.7 749.5 815.2 751.9 828.8 760.1 826.2 775.8,Bubble
img_0084.png,283.9 652.6 294.3 816.0 290.0 816.3 278.4 653.0,Scratch
img_0042.png,780.1 255.7 763.3 259.9 749.1 247.2 741.0 228.5 753.8 215.2 770.6 212.8 784.9 224.0 791.6 242.3,Bubble
img_0030.png,281.8 179.9 270.5 195.3 263.4 212.8 255.9 230.0 252.8 228.6 260.9 211.6 268.7 194.5 276.1 177.2,Scratch
img_0014.png,780.3 366.7 820.5 432.9 861.8 498.5 900.8 565.6 898.8 566.8 859.9 499.7 816.3 435.5 776.9 368.8,Crack
img_0101.png,632.1 500.3 618.6 508.4 602.7 502.3 605.4 485.5 618.3 477.5 633.3 483.7,Scratch
img_0109.png,962.6 127.1 960.1 131.8 955.5 135.6 948.9 135.4 944.9 130.7 943.7 125.4 945.9 120.5 950.8 117.0 956.7 118.6 962.4 121.2,Bubble
img_0016.png,1101.8 593.3 1135.0 625.9 1166.1 660.6 1163.7 663.0 1131.8 629.1 1095.6 599.4,Crack
img_0024.png,595.5 627.0 590.8 646.3 591.1 666.5 586.6 685.9 578.7 684.5 582.9 665.1 588.5 645.9 589.4 625.9,Scratch
img_0081.png,592.9 207.3 580.3 182.5 601.8 160.0 629.7 159.7 641.2 187.1 619.9 212.6,bubble
img_0003.png,284.3 318.6 433.0 433.7 429.4 438.3 281.3 322.4,Scratch
img_0103.png,339.2 798.4 337.2 829.0 336.2 859.7 333.3 859.5 332.5 828.7 337.6 798.3,Scratch
img_0070.png,516.9 937.5 526.7 917.7 546.5 906.2 566.4 911.8 573.1 927.8 561.3 946.8 536.0 948.7,Dent
img_0048.png,468.8 862.5 472.3 844.8 490.5 838.2 507.4 842.2 523.8 851.8 523.7 870.6 508.4 881.3 491.1 888.7 477.0 876.9,Scratch
img_0110.png,471.2 293.4 473.7 284.8 480.1 277.7 489.8 280.2 493.8 289.6 492.2 299.1 484.3 302.8 474.9 303.0,Bubble
img_0101.png,968.9 873.7 963.6 864.0 971.1 854.1 981.9 850.1 993.0 851.7 997.9 861.0 995.5 871.4 987.4 878.8 976.0 881.5,Scratch
img_0117.png,1217.7 598.6 1204.1 626.0 1177.3 619.9 1166.5 595.1 1180.8 572.5 1207.5 570.5,Bubble
img_0048.png,952.7 959.1 943.0 965.1 932.2 958.6 931.3 947.7 940.9 942.9 951.6 948.0,bubble
img_0084.png,1206.5 893.3 1191.4 884.7 1178.4 873.2 1182.1 855.7 1191.8 844.2 1206.1 840.5 1222.0 847.1 1224.3 865.7 1217.9 880.2,Dent
img_0094.png,621.0 552.3 599.8 588.7 579.3 625.6 559.1 662.7 557.3 661.6 576.2 623.8 597.0 587.1 619.6 551.5,scratch
img_0069.png,933.4 343.2 937.4 328.4 955.2 321.3 973.4 325.8 985.0 338.6 977.9 354.7 958.7 360.3 940.3 356.7,Dent
img_0013.png,353.0 127.8 319.5 143.0 270.8 129.4 246.9 87.5 268.7 59.1 313.9 55.3 357.3 89.8,Dent
img_0108.png,1059.3 327.7 1047.1 326.9 1036.7 318.0 1037.9 304.2 1046.8 295.8 1059.1 295.7 1068.0 305.7 1068.9 319.3,Scratch
img_0052.png,97.1 890.2 74.2 856.8 69.8 807.8 93.5 758.7 126.4 718.6 160.7 726.4 189.4 745.5 182.8 796.1 170.4 845.0 136.2 875.6,Dent
img_0022.png,246.9 198.6 238.7 185.1 246.4 168.8 259.7 156.4 276.8 156.7 285.1 169.4 288.3 184.7 276.5 198.2 260.7 205.5,Dent
img_0007.png,848.6 415.4 925.1 477.9 1001.6 540.6 1000.0 542.6 923.8 479.6 848.0 416.2,Scratch
img_0044.png,671.1 158.8 656.1 160.4 643.6 154.5 636.6 142.2 640.5 128.4 652.0 120.1 666.2 121.3 678.8 130.0 681.4 146.2,Bubble
img_0150.png,774.7 517.2 842.8 534.2 910.0 554.5 909.6 556.4 841.4 539.7 773.5 522.0,Scratch
img_0033.png,1035.3 194.1 1006.7 185.0 986.9 150.1 991.0 113.9 1016.4 109.5 1040.4 131.4 1047.8 166.6,Dent
img_0080.png,918.7 434.8 900.3 458.6 870.0 465.2 846.0 447.6 832.2 421.0 853.5 399.7 881.2 395.2 904.8 409.0,Dent
img_0122.png,302.1 558.2 262.7 549.2 253.1 501.2 271.2 469.3 307.8 479.1 322.2 524.9,Dent
img_0023.png,200.2 290.0 184.3 298.1 169.1 286.3 162.7 268.1 174.9 254.8 190.8 252.2 207.8 258.6 213.0 277.6,Bubble
img_0091.png,1147.9 204.3 1139.9 191.0 1144.1 176.5 1150.7 161.5 1167.4 158.3 1181.3 166.5 1189.2 179.7 1189.9 196.2 1176.3 205.3 1162.0 210.9,Bubble
img_0057.png,534.1 811.2 453.0 862.1 373.1 915.0 371.4 912.3 452.4 861.3 532.4 808.6,Scratch
img_0049.png,226.3 972.8 214.2 978.8 205.1 969.1 208.2 956.2 220.9 951.4 230.9 960.4,Bubble
img_9009.png,831.2 895.5 810.3 914.5 774.2 908.8 762.6 879.3 787.8 861.9 819.6 870.4,Dent
img_0002.png,860.3 374.0 856.2 361.9 867.4 352.9 879.6 353.9 885.9 362.9 883.8 375.8 870.3 380.7,Bubble
img_0007.png,57.4 170.2 199.1 197.9 198.5 200.9 56.5 175.2,Scratch
img_0041.png,1092.1 700.3 1161.1 703.6 1230.0 707.2 1229.9 709.8 1160.9 706.4 1092.0 702.5,Scratch
img_0090.png,194.4 349.0 124.5 533.1 119.5 531.2 189.5 347.2,Scratch
img_0096.png,1060.3 451.0 1055.7 441.4 1061.7 431.1 1073.7 428.5 1081.9 437.3 1080.0 449.1 1070.1 456.6,Bubble
img_0117.png,641.4 622.9 622.0 603.8 609.2 578.9 618.6 550.3 637.3 529.5 664.5 518.4 684.3 540.1 693.8 566.5 687.8 595.6 669.0 618.9,Dent
img_0076.png,526.5 331.0 534.5 298.9 566.2 272.8 607.6 270.8 631.2 291.2 630.5 323.0 596.6 352.7 547.2 359.1,Dent
img_9005.png,534.1 811.2 453.0 862.1 373.1 915.0 371.4 912.3 452.4 861.3 532.4 808.6,Scratch
img_0134.png,741.4 214.9 735.8 224.6 723.1 224.4 714.8 216.7 713.3 207.1 717.9 197.1 730.2 198.9 739.9 204.5,Bubble
img_0108.png,1139.9 236.4 1159.3 240.8 1178.0 247.3 1197.9 249.5 1196.5 254.9 1177.2 250.8 1157.7 247.0 1138.8 240.9,Scratch
img_0005.png,120.0 140.0 180.0 150.0,Scratch
img_0073.png,342.5 746.1 368.1 770.7 400.8 783.6 427.7 806.1 426.3 808.3 398.7 787.1 367.2 772.1 337.6 754.0,Crack
img_0034.png,496.2 505.3 486.2 479.8 506.9 462.4 529.4 468.2 540.8 490.6 521.4 508.7,Bubble
img_0037.png,84.8 249.9 68.2 233.4 79.1 214.4 100.1 208.2 115.1 226.0 105.7 245.2,Bubble
img_0026.png,767.7 171.4 753.8 171.5 743.7 162.4 739.6 149.6 744.8 137.1 757.1 132.1 769.6 131.5 778.6 139.9 782.3 151.4 778.2 163.3,Bubble
img_0111.png,995.8 694.1 988.6 689.8 986.6 680.8 991.1 672.7 997.9 666.4 1006.0 669.0 1012.0 673.9 1014.7 682.0 1011.2 690.5 1003.6 694.4,Bubble
img_0090.png,699.8 365.4 698.8 449.9 694.2 450.0 695.8 365.4,Scratch
img_0109.png,560.9 641.5 537.5 642.6 526.0 619.9 524.9 597.0 540.7 582.2 563.2 582.1 579.6 601.7 578.2 627.0,Bubble
img_9010.png,1126.4 628.4 1103.0 600.2 1101.3 555.5 1129.8 519.5 1164.1 503.9 1195.1 515.8 1199.8 554.4 1189.5 592.4 1161.6 617.4,Dent
img_0120.png,1139.0 818.5 1133.4 842.4 1132.8 866.9 1125.7 866.0 1130.3 842.0 1132.5 817.7,Scratch
img_0052.png,196.4 479.5 164.3 529.5 132.6 579.8 99.4 629.1 95.1 626.2 126.2 575.6 159.9 526.6 192.0 476.6,Scratch
img_0079.png,737.9 889.4 732.2 953.1 729.8 952.8 736.2 889.2,Scratches
img_0003.png,495.1 208.5 503.6 278.8 514.4 348.9 508.7 349.6 500.8 279.2 493.5 208.7,Scratch
img_0017.png,355.2 169.9 401.6 230.1 398.2 232.8 351.9 172.5,Scratches
img_0072.png,973.4 449.8 1036.8 455.2 1099.7 464.7 1163.1 469.6 1162.9 472.0 1099.7 465.0 1036.4 458.4 972.9 453.9,Scratches
img_0013.png,953.3 375.1 937.1 408.3 920.6 441.3 915.8 438.9 930.9 405.2 950.0 373.4,Scratch
img_0064.png,333.8 777.2 387.8 783.4 441.2 794.1 440.8 796.6 387.0 789.2 333.3 780.9,Scratch
img_0103.png,729.4 235.5 735.7 210.0 758.6 195.0 782.9 205.6 791.9 229.1 773.9 247.2 749.1 253.1,Bubble
img_0092.png,963.7 332.6 929.7 342.2 895.0 349.2 860.9 358.6 860.1 355.3 894.3 346.6 928.1 336.0 962.4 327.5,Scratch
img_0058.png,825.3 721.9 819.0 716.2 814.6 708.7 820.2 701.8 828.3 700.0 835.7 703.9 838.9 712.1 833.9 719.4,Bubble
img_0038.png,980.2 114.2 1128.5 240.1 1126.5 242.5 976.7 118.3,Scratch
img_0027.png,536.2 555.5 419.5 565.6 419.0 559.3 535.8 549.8,Scratch
img_0125.png,316.8 252.6 295.3 281.3 251.6 301.5 204.7 278.7 187.7 242.0 210.5 208.6 260.1 198.3 302.8 219.3,Dent
img_0117.png,645.5 496.0 628.5 499.8 612.3 506.8 594.8 509.0 594.6 508.1 610.8 500.9 628.1 498.3 644.7 492.5,Scratch
img_0116.png,79.6 842.2 88.2 865.9 101.2 887.6 108.6 911.8 106.8 912.5 94.9 890.3 83.5 867.9 75.4 844.1,Scratch
img_0146.png,170.2 719.1 163.3 674.9 184.5 622.1 237.9 605.1 275.5 618.8 286.7 657.0 259.7 701.0 214.3 727.4,Dent
img_0123.png,899.8 478.6 895.3 512.5 892.3 546.7 887.7 580.7 885.5 580.4 886.8 546.0 891.6 512.0 898.4 478.4,Scratches
img_0081.png,680.0 256.1 599.0 298.9 519.0 343.7 517.0 340.0 597.0 295.2 677.5 251.4,Scratch
img_9007.png,1002.8 201.2 986.3 206.0 970.0 193.6 970.2 174.3 984.3 165.8 1002.5 167.7 1012.1 186.2,Bubble
img_0055.png,94.0 459.2 111.6 429.2 142.2 411.8 178.2 423.1 187.7 457.1 178.3 490.1 144.2 496.7 113.5 487.9,Dent
img_0149.png,519.0 143.3 525.1 205.8 532.2 268.2 538.8 330.7 536.2 331.0 527.3 268.8 521.6 206.2 515.5 143.6,Scratch
img_0079.png,1187.2 404.9 1125.3 469.6 1063.2 534.0 1062.7 533.5 1124.1 468.4 1183.8 401.7,Scratch
img_0085.png,295.6 86.2 289.4 77.0 289.8 65.1 300.5 58.3 310.7 63.8 314.3 75.1 307.5 85.9,Bubble
img_0040.png,1058.5 440.7 1058.1 432.4 1062.8 426.3 1070.2 424.6 1076.7 429.1 1078.4 436.5 1076.5 443.0 1071.6 448.6 1064.4 446.0,Bubble
img_0134.png,606.4 935.9 593.7 934.9 589.1 922.1 590.3 909.5 599.4 901.7 611.7 898.1 620.3 908.4 625.1 921.1 617.4 932.0,Scratch
img_9000.png,164.4 96.8 153.8 141.3 142.6 185.6 131.9 230.1 126.6 228.9 136.1 184.1 148.9 140.1 157.9 95.3,Scratch
img_0146.png,163.6 700.3 194.1 834.7 191.2 835.4 157.2 701.8,Scratch
img_0145.png,789.2 395.8 778.3 386.7 782.4 372.1 796.8 370.5 806.1 380.2 803.5 394.4,Bubble
img_0067.png,542.9 256.9 541.1 319.4 537.7 381.8 537.9 444.4 530.3 444.1 532.2 381.6 535.8 319.2 537.9 256.7,Scratch
img_0106.png,405.3 667.6 357.6 708.7 309.3 749.1 261.1 789.7 258.0 785.9 307.1 746.5 355.2 705.8 401.5 663.0,Scratch
img_0053.png,323.4 902.9 306.6 885.2 311.7 857.9 331.6 842.6 348.6 861.5 343.0 889.2,Dent
img_0003.png,228.8 207.2 220.8 200.9 222.8 192.1 231.9 188.6 239.6 194.8 237.7 203.4,Bubble
img_0128.png,1041.8 802.0 1082.0 856.1 1077.4 859.2 1040.5 802.9,Scratch
img_0074.png,1069.7 811.5 1015.2 872.6 960.8 933.9 957.5 931.0 1012.2 870.0 1064.9 807.1,Scratch
img_9003.png,529.7 960.3 485.4 962.9 467.9 919.1 475.0 875.1 516.4 867.8 555.2 886.0 556.5 930.5,Dent
img_0081.png,463.5 136.3 396.0 263.1 392.0 260.9 459.7 134.4,Scratch
img_0150.png,594.5 815.8 580.2 792.2 583.0 763.0 598.3 736.2 623.8 732.4 648.9 736.6 659.5 764.4 642.8 792.7 621.7 811.5,Dent
img_0077.png,385.1 327.1 374.9 332.8 362.1 334.6 349.4 326.9 347.7 313.4 349.9 301.6 359.9 294.5 373.1 295.9 385.4 302.7 390.3 315.8,Bubble
img_0068.png,388.8 478.0 393.3 434.6 429.7 401.5 475.4 393.9 498.7 424.0 481.7 470.5 431.4 487.1,Dent
img_0141.png,278.5 729.1 261.9 881.1 259.7 880.9 274.5 728.7,Scratch
img_0099.png,372.7 889.1 359.4 890.7 348.9 881.1 342.1 869.0 341.8 854.0 352.8 845.4 366.4 842.9 376.6 853.8 384.0 865.8 380.1 878.5,Bubble
img_0118.png,919.6 556.5 921.0 550.2 925.9 546.2 932.2 545.5 937.6 549.5 939.0 556.3 936.6 562.3 932.1 566.5 926.0 567.0 920.8 563.0,Scratch
img_0118.png,674.0 319.4 699.9 351.6 723.1 385.9 749.5 417.6 746.7 419.8 720.9 387.5 695.9 354.7 671.4 321.4,Scratch
img_0065.png,327.2 650.3 326.3 625.4 346.9 609.8 370.1 619.7 383.7 642.2 366.9 661.3 343.6 670.3,Bubble
img_0095.png,819.8 119.5 826.1 85.7 860.4 65.1 900.7 61.6 934.7 78.1 946.8 108.1 942.4 140.9 908.5 160.0 871.0 160.4 840.1 145.9,Dent
img_0139.png,1053.0 289.4 1037.3 340.2 1033.5 339.0 1048.7 288.0,Scratch
img_0077.png,930.7 594.8 936.7 572.7 952.1 554.8 977.8 546.8 995.1 561.1 1001.5 578.8 994.1 598.4 972.5 608.8 948.9 608.5,Dent
img_0100.png,871.2 758.9 857.9 766.3 840.9 766.4 827.2 754.2 820.5 736.6 831.1 723.2 843.5 712.1 862.3 713.5 872.2 729.6 881.1 745.5,bubble
img_0017.png,412.8 329.0 395.4 334.7 380.0 329.2 375.5 312.9 384.3 296.6 403.1 296.3 416.1 309.7,Bubble
img_0134.png,746.6 350.9 749.6 333.7 763.5 321.6 781.9 320.6 798.6 328.2 801.7 345.5 791.8 360.0 775.3 365.2 757.1 364.9,bubble
img_0136.png,231.4 507.8 226.4 499.5 226.1 488.6 234.5 481.0 245.4 476.4 255.0 482.6 259.1 492.3 258.9 503.3 249.9 510.0 239.7 514.2,Bubble
img_0143.png,831.2 895.5 810.3 914.5 774.2 908.8 762.6 879.3 787.8 861.9 819.6 870.4,Dent
img_0106.png,673.2 661.5 648.1 761.6 643.2 760.3 670.4 660.7,Scratches
img_0016.png,163.5 641.9 151.6 648.9 136.5 648.0 127.5 635.2 123.9 619.1 137.4 610.4 151.8 604.9 165.6 614.1 172.1 629.2,Dent
img_0006.png,882.6 118.2 873.3 111.4 873.9 99.8 885.5 94.7 895.3 102.6 894.4 114.7,Bubble
img_0035.png,1199.3 265.7 1101.6 415.9 1099.7 414.7 1193.9 262.3,Scratch
img_0053.png,69.6 543.0 66.2 547.9 60.3 546.4 54.7 544.1 53.5 538.1 56.0 532.6 61.7 530.1 66.9 533.2 69.9 537.6,Scratch
img_0041.png,294.9 567.8 274.7 545.5 270.6 509.0 286.6 478.2 312.5 478.0 327.2 511.0 320.2 551.7,Dent
img_0103.png,661.4 398.3 657.8 394.4 659.2 388.6 662.9 383.4 669.0 382.6 673.1 386.5 674.6 392.0 671.9 397.9 666.3 400.9,Bubble
img_0114.png,914.2 662.2 905.3 670.7 892.7 671.5 883.1 662.9 882.0 650.5 890.5 641.3 903.3 641.9 913.7 649.6,Bubble
img_0035.png,172.4 631.2 152.2 631.4 136.9 619.2 132.9 601.0 136.5 582.0 154.5 575.5 173.5 578.5 184.5 595.3 185.4 615.5,Dent
img_0128.png,1076.8 954.3 1052.4 928.1 1072.8 886.3 1106.5 870.1 1126.8 902.4 1112.5 949.6,Dent
img_0119.png,800.2 899.4 771.6 933.3 740.9 965.5 738.5 963.4 766.3 928.8 797.1 896.7,Scratch
img_0011.png,630.2 763.4 604.7 771.0 579.5 779.6 553.5 785.6 552.3 781.6 577.3 772.5 602.7 764.5 628.8 758.6,scratch
img_0061.png,314.5 153.9 268.5 300.5 265.1 299.5 311.3 152.8,Scratch
img_0018.png,319.4 681.1 199.4 693.4 79.4 706.4 78.7 698.9 199.2 691.7 319.0 677.0,Crack
img_0068.png,1007.2 335.2 989.9 337.1 974.0 316.1 973.0 292.7 981.0 275.8 999.3 279.2 1015.3 297.9 1019.5 323.1,Dent
img_0086.png,533.9 422.2 522.1 403.7 532.8 387.6 554.2 385.8 566.4 404.9 555.3 421.7,Bubble
img_0040.png,195.0 581.0 173.6 603.8 138.8 609.8 104.5 594.1 86.9 563.9 93.5 531.3 127.5 516.6 166.5 523.0 188.6 550.6,Dent
img_9011.png,774.7 517.2 842.8 534.2 910.0 554.5 909.6 556.4 841.4 539.7 773.5 522.0,Scratch
img_0078.png,588.3 230.1 604.8 283.3 617.5 337.5 616.9 337.7 599.8 284.6 584.4 231.1,scratch
img_0092.png,963.7 332.6 929.7 342.2 895.0 349.2 860.9 358.6 860.1 355.3 894.3 346.6 928.1 336.0 962.4 327.5,Scratch
img_0058.png,896.4 553.4 914.2 558.9 931.9 564.7 949.0 572.2 948.3 574.2 930.8 567.9 913.4 561.3 896.2 554.1,scratch
img_9006.png,972.7 325.5 1051.8 417.8 1050.7 418.8 966.7 331.0,Scratch
img_0108.png,143.8 810.9 127.2 816.6 112.5 805.6 111.0 788.4 122.9 776.9 140.3 778.9 151.7 794.5,Dent
img_0136.png,653.2 574.4 629.1 595.0 601.8 613.2 573.5 594.6 555.0 572.9 545.1 542.8 564.5 516.5 596.7 510.8 627.7 518.5 649.7 542.3,Dent
img_0026.png,516.3 169.1 503.8 221.9 497.1 275.7 492.5 274.9 499.5 221.1 508.8 167.8,Scratch
img_0009.png,686.6 824.8 688.0 818.1 693.1 815.0 699.1 817.1 702.3 823.7 698.3 829.9 691.3 830.6,Scratch
img_0093.png,957.9 573.9 945.6 552.6 948.8 518.5 976.7 492.6 1007.7 476.6 1024.5 497.3 1027.7 526.6 1010.3 559.2 981.5 586.0,Dent
img_0147.png,307.6 334.9 272.7 360.5 220.5 353.7 179.4 320.5 192.1 280.6 243.2 266.9 295.8 292.7,Dent
img_0021.png,756.2 264.8 771.0 274.3 786.8 281.9 802.3 290.2 800.1 294.2 783.2 288.6 767.6 280.6 752.6 271.5,Scratch
img_0137.png,799.0 490.8 783.1 499.4 766.5 490.7 758.0 475.5 759.0 458.5 772.7 449.7 789.2 446.7 804.6 457.4 808.7 476.0,Scratch
img_0064.png,110.2 640.7 101.0 632.4 102.7 620.6 112.4 615.2 122.5 618.3 126.8 628.1 121.2 637.1,bubble
img_0085.png,613.0 527.6 597.2 529.5 581.8 533.1 567.2 539.6 565.2 531.9 581.0 529.9 596.4 526.6 610.9 519.6,Scratch
img_0147.png,137.9 216.0 112.3 210.2 90.7 190.8 89.5 160.8 92.2 133.2 113.0 123.8 134.9 124.7 152.5 143.5 164.9 170.3 159.2 200.2,Dent
img_0110.png,761.2 792.6 755.5 794.9 749.1 794.2 746.7 788.0 748.8 782.3 754.0 778.7 760.2 780.8 763.7 786.5,Scratch
img_0103.png,267.3 588.0 258.2 602.3 238.7 609.7 217.2 606.7 197.1 599.3 188.6 583.9 199.3 569.8 219.6 564.8 240.7 564.2 256.1 574.4,Dent
img_9007.png,1035.3 194.1 1006.7 185.0 986.9 150.1 991.0 113.9 1016.4 109.5 1040.4 131.4 1047.8 166.6,Dent
img_0113.png,529.7 960.3 485.4 962.9 467.9 919.1 475.0 875.1 516.4 867.8 555.2 886.0 556.5 930.5,Dent
img_0055.png,278.8 606.8 267.6 607.8 259.9 598.2 257.9 586.8 263.1 577.7 272.2 573.6 282.4 577.6 289.6 587.8 285.9 599.0,Bubble
img_0092.png,441.7 744.8 452.6 816.6 463.9 888.3 461.5 888.7 448.1 817.3 437.3 745.5,Scratch
img_0056.png,479.2 150.0 526.0 248.0 571.8 346.5 569.6 347.6 523.6 249.2 474.2 152.3,Crack
img_0142.png,723.3 669.3 710.3 682.7 693.4 687.8 677.1 680.6 669.1 665.3 678.8 650.8 696.6 645.5 713.3 653.5,Scratch
img_0129.png,1121.2 817.0 1105.2 825.4 1088.2 815.8 1076.7 801.6 1081.8 786.5 1094.7 775.7 1112.6 784.3 1122.9 799.6,Dent
img_0062.png,1040.6 379.2 1004.4 463.3 1001.1 461.9 1038.3 378.2,scratch
img_0099.png,398.3 329.9 355.6 333.8 315.2 312.1 312.5 267.6 326.9 228.0 370.3 218.0 406.0 248.5 415.6 290.9,Dent
img_0107.png,608.0 712.6 593.8 713.5 577.4 702.2 569.0 680.0 567.4 658.0 579.1 648.0 594.3 646.4 609.3 662.2 620.0 682.8 620.7 704.7,Dent
img_0149.png,367.5 426.6 313.4 446.7 312.1 443.0 366.3 423.5,Scratch
img_0002.png,110.0 357.6 109.8 328.6 142.6 303.6 179.4 293.4 207.8 301.2 225.3 320.9 209.8 351.3 172.8 375.1 131.7 376.8,Dent
img_0029.png,551.2 937.2 535.5 955.8 512.8 945.4 507.1 922.0 526.1 907.7 548.1 914.9,Bubble
img_0060.png,573.7 216.4 588.6 174.0 634.9 163.5 676.2 182.6 676.7 224.9 645.6 255.2 595.1 258.4,Dent
img_0089.png,60.4 861.2 55.0 856.7 54.8 849.6 60.2 845.6 67.1 844.1 72.5 849.3 72.1 856.4 67.5 861.5,Bubble
img_0027.png,811.6 680.0 766.1 688.0 721.5 661.8 711.4 615.8 756.7 598.7 803.2 634.2,Dent
img_0088.png,nan nan nan nan nan nan,Dent
img_0098.png,660.0 201.6 652.6 179.7 667.2 164.0 689.8 163.4 700.2 184.3 698.7 205.6 678.9 215.4,Bubble
img_0078.png,1104.8 523.2 1096.8 472.4 1126.2 426.3 1170.2 422.4 1182.6 464.3 1154.1 508.8,Dent
img_0007.png,184.7 587.9 202.0 643.1 218.4 698.6 215.1 699.6 196.5 644.8 182.5 588.6,Scratch
img_0023.png,1052.6 748.6 1019.9 737.5 1008.9 704.3 1027.5 678.0 1057.9 670.3 1075.8 696.3 1077.6 726.9,Dent
img_0058.png,1220.3 216.3 1168.2 251.9 1117.2 289.0 1068.6 329.2 1065.5 325.1 1115.8 287.1 1168.1 251.7 1216.6 211.4,Scratch
img_0105.png,1016.4 622.8 1001.4 632.8 982.2 635.0 963.7 624.3 958.7 606.4 971.7 592.9 993.9 593.9 1012.0 605.2,Dent
img_0030.png,942.7 737.0 991.0 768.5 1038.5 801.3 1085.5 834.7 1084.7 835.9 1038.4 801.4 988.6 772.1 941.4 738.9,scratch
img_0106.png,1201.0 464.0 1117.1 479.4 1033.0 492.9 1032.7 491.2 1116.8 477.3 1200.7 462.3,Scratch
img_0087.png,631.1 619.5 639.0 597.1 663.4 596.4 677.4 615.6 667.7 638.1 642.6 640.5,Bubble
img_0071.png,385.2 731.3 303.9 860.7 299.8 858.1 380.0 728.1,Scratch
img_0028.png,159.3 554.3 147.8 542.9 153.2 528.9 168.3 525.4 179.4 536.7 176.6 552.9,Bubble
img_0065.png,327.2 650.3 326.3 625.4 346.9 609.8 370.1 619.7 383.7 642.2 366.9 661.3 343.6 670.3,Bubble
img_9005.png,247.1 364.7 220.9 377.4 189.8 379.0 158.6 361.4 151.2 334.0 161.0 312.3 186.6 299.9 221.6 310.3 246.4 335.7,Dent
img_0132.png,403.7 122.2 396.8 97.1 416.2 81.0 440.8 84.0 443.2 108.2 428.7 127.7,bubble
img_0008.png,1068.0 864.9 1066.0 851.4 1071.2 838.2 1085.9 836.4 1097.9 845.6 1102.5 860.5 1093.2 872.2 1079.6 871.6,Bubble
img_9008.png,918.3 240.6 918.3 225.2 926.8 212.9 939.7 204.8 956.0 204.6 965.1 216.9 969.9 231.6 959.7 244.5 945.7 251.1 930.8 249.4,Bubble
img_0110.png,1101.9 564.9 1097.0 545.9 1116.0 530.7 1139.2 523.5 1160.4 529.4 1175.0 543.4 1173.8 563.8 1154.9 578.6 1132.2 586.7 1110.5 580.9,Dent
img_0038.png,665.9 770.2 662.3 764.4 659.7 757.8 664.4 752.5 671.1 751.2 677.6 753.7 679.8 760.1 679.2 766.9 673.1 770.8,Bubble
img_0034.png,670.7 635.6 671.7 628.9 677.7 625.0 684.4 624.7 690.7 626.6 694.3 632.1 692.0 638.1 687.8 643.5 680.4 644.2 674.3 641.0,Bubble
img_0071.png,727.3 866.5 633.0 931.6 630.0 927.3 726.0 864.7,Scratches
img_0048.png,74.1 619.2 133.4 628.8 193.2 634.5 252.4 644.4 251.7 649.0 192.4 639.6 132.8 632.7 73.4 624.0,Scratch
img_0084.png,1144.4 773.6 1131.1 813.3 1119.8 853.5 1109.7 894.1 1103.3 892.3 1116.1 852.5 1128.4 812.5 1139.0 772.1,Scratch
img_0023.png,1216.4 167.0 1212.3 159.8 1216.0 151.1 1224.0 146.6 1233.2 147.6 1236.4 156.4 1232.6 165.4 1224.2 170.2,Scratch
img_0113.png,434.6 139.0 387.4 289.7 380.3 287.5 429.6 137.5,Crack
img_0060.png,734.4 708.6 711.5 695.6 700.7 669.3 701.7 639.0 721.2 618.3 746.2 609.0 771.6 619.7 784.6 648.0 779.3 679.8 761.0 704.0,Dent
img_0009.png,877.2 462.2 963.7 481.6 1050.9 498.3 1049.9 502.8 963.5 482.6 877.0 462.9,Scratch
img_0022.png,1134.2 745.0 1125.8 748.7 1117.8 742.9 1119.0 734.6 1126.2 730.4 1133.3 736.4,Bubble
img_0043.png,570.8 913.6 549.3 926.1 519.6 920.6 494.4 903.2 505.1 884.7 531.0 877.9 562.1 890.5,Dent
img_9011.png,896.1 762.0 871.6 792.3 850.0 824.7 827.8 856.7 823.4 853.4 848.3 823.5 869.4 790.6 893.4 760.0,Scratch
img_0029.png,656.2 745.0 641.2 793.3 632.5 843.1 627.9 842.0 636.3 792.1 648.4 743.2,Scratch
img_0112.png,85.4 897.4 99.1 926.5 114.4 954.8 111.0 956.7 95.9 928.2 79.4 900.6,Scratch
img_0133.png,305.5 322.2 298.0 331.5 284.7 331.5 275.8 322.8 275.0 312.0 282.4 304.4 294.8 301.2 304.3 310.5,Scratch
img_0138.png,866.8 608.3 836.7 644.5 806.0 680.0 773.7 714.1 768.9 709.8 801.3 675.8 832.7 640.8 864.3 606.1,scratch
img_0142.png,901.4 796.3 952.5 833.8 1007.4 865.7 1059.3 902.2 1057.3 905.3 1003.4 871.8 950.7 836.6 897.3 802.4,Scratch
img_9007.png,936.9 829.3 984.6 891.3 980.0 895.1 932.1 833.2,Scratch
img_0033.png,936.9 829.3 984.6 891.3 980.0 895.1 932.1 833.2,Scratch
img_0034.png,1002.0 571.4 997.3 547.4 1012.4 532.6 1033.5 533.1 1047.5 551.5 1041.9 571.7 1023.8 581.7,Bubble
img_0054.png,308.5 156.6 329.0 211.6 352.3 265.5 372.3 320.7 370.4 321.5 348.4 267.0 328.1 212.0 307.6 157.0,Scratch
img_0106.png,405.3 667.6 357.6 708.7 309.3 749.1 261.1 789.7 258.0 785.9 307.1 746.5 355.2 705.8 401.5 663.0,Scratch
img_0144.png,278.1 123.8 268.8 131.2 258.5 132.8 250.0 125.9 251.4 114.5 257.5 105.1 268.3 104.5 276.6 111.5,Bubble
img_0030.png,438.9 386.4 451.8 464.1 463.9 541.9 461.8 542.3 446.3 464.9 436.0 386.8,Crack
img_0123.png,377.3 855.4 415.7 887.2 453.0 920.3 490.5 953.1 486.7 957.5 448.9 925.1 411.2 892.5 373.3 860.1,Scratch
